latitude,longitude,time
+43.44383,+6.76728,1254493883
+43.44383,+6.76728,1254560773
+43.48308,+1.57029,1254562354
+43.49010,+1.56436,1254562414
+43.50372,+1.55787,1254562475
+43.50574,+1.55672,1254562533
+43.50610,+1.55612,1254562593
+43.50619,+1.55616,1254564153
+43.50603,+1.55655,1254564213
+43.50594,+1.55612,1254564273
+43.50641,+1.55604,1254564394
+43.50619,+1.55607,1254564454
+43.50593,+1.55691,1254564514
+43.50594,+1.55691,1254564574
+43.50516,+1.55567,1254564634
+43.49547,+1.56262,1254564694
+43.48887,+1.56858,1254564754
+43.48279,+1.57219,1254564814
+43.47080,+1.57253,1254564874
+43.46336,+1.56978,1254564934
+43.46011,+1.57076,1254564994
+43.45834,+1.57160,1254565054
+43.45823,+1.57133,1254565114
+43.45851,+1.57185,1254565235
+43.45856,+1.57187,1254565295
+43.45861,+1.57183,1254565355
+43.45854,+1.57162,1254565415
+43.45822,+1.57129,1254565475
+43.45785,+1.57039,1254565533
+43.45878,+1.57170,1254565653
+43.45887,+1.57131,1254565713
+43.45866,+1.57143,1254565773
+43.45859,+1.57157,1254565833
+43.45880,+1.57183,1254565893
+43.45831,+1.57179,1254565953
+43.45835,+1.57184,1254566013
+43.45840,+1.57176,1254566073
+43.45842,+1.57173,1254566133
+43.45844,+1.57176,1254566193
+43.45846,+1.57165,1254566253
+43.45853,+1.57174,1254566313
+43.45841,+1.57168,1254566373
+43.45849,+1.57182,1254566433
+43.45847,+1.57176,1254566493
+43.45848,+1.57180,1254566553
+43.45838,+1.57175,1254566613
+43.45843,+1.57171,1254566673
+43.45836,+1.57159,1254566733
+43.45846,+1.57146,1254566793
+43.45844,+1.57169,1254566853
+43.45858,+1.57155,1254566913
+43.45849,+1.57175,1254566973
+43.45855,+1.57177,1254567033
+43.45877,+1.57168,1254567093
+43.45848,+1.57117,1254567213
+43.45844,+1.57215,1254567273
+43.45892,+1.57201,1254567393
+43.45863,+1.57175,1254567453
+43.45868,+1.57219,1254567513
+43.45854,+1.57203,1254567573
+43.45855,+1.57178,1254567633
+43.45861,+1.57173,1254567693
+43.45860,+1.57188,1254567753
+43.45822,+1.57219,1254567813
+43.45853,+1.57192,1254567873
+43.45847,+1.57196,1254567934
+43.45838,+1.57183,1254567994
+43.45878,+1.57193,1254570454
+43.45866,+1.57184,1254570514
+43.45864,+1.57182,1254570574
+43.45850,+1.57167,1254570634
+43.45847,+1.57184,1254570694
+43.45841,+1.57175,1254570753
+43.45842,+1.57159,1254570813
+43.45858,+1.57191,1254570873
+43.45852,+1.57178,1254570933
+43.45845,+1.57169,1254570993
+43.45853,+1.57182,1254571053
+43.45874,+1.57189,1254571113
+43.45877,+1.57203,1254571173
+43.45883,+1.57194,1254571233
+43.45867,+1.57192,1254571413
+43.45850,+1.57174,1254571473
+43.45839,+1.57177,1254571533
+43.45841,+1.57168,1254571593
+43.45844,+1.57171,1254571713
+43.45829,+1.57158,1254571773
+43.45868,+1.57181,1254571833
+43.45849,+1.57175,1254571893
+43.45865,+1.57200,1254572013
+43.45850,+1.57176,1254572073
+43.45852,+1.57167,1254572193
+43.45864,+1.57180,1254572253
+43.45852,+1.57173,1254572313
+43.45857,+1.57184,1254572373
+43.45850,+1.57179,1254572433
+43.45846,+1.57175,1254572493
+43.45865,+1.57168,1254572553
+43.45861,+1.57161,1254572613
+43.45847,+1.57160,1254572673
+43.45860,+1.57180,1254572733
+43.45869,+1.57175,1254572793
+43.45869,+1.57172,1254572853
+43.45847,+1.57173,1254572913
+43.45858,+1.57175,1254572973
+43.45855,+1.57177,1254573033
+43.45861,+1.57175,1254573093
+43.45883,+1.57188,1254573153
+43.45871,+1.57205,1254573213
+43.45859,+1.57181,1254573273
+43.45873,+1.57145,1254573333
+43.45855,+1.57169,1254573393
+43.45856,+1.57178,1254573453
+43.45855,+1.57218,1254573513
+43.45881,+1.57191,1254573573
+43.45854,+1.57181,1254573634
+43.45855,+1.57178,1254573694
+43.45848,+1.57183,1254573754
+43.45855,+1.57181,1254573814
+43.45860,+1.57150,1254573874
+43.45859,+1.57156,1254573994
+43.45859,+1.57160,1254574054
+43.45864,+1.57143,1254574114
+43.45853,+1.57168,1254574174
+43.45857,+1.57148,1254574230
+43.45854,+1.57155,1254574290
+43.45831,+1.57194,1254574350
+43.45844,+1.57160,1254574470
+43.45847,+1.57180,1254574590
+43.45883,+1.57150,1254574710
+43.45852,+1.57178,1254574770
+43.45843,+1.57175,1254574830
+43.45874,+1.57138,1254574950
+43.45866,+1.57158,1254575010
+43.45861,+1.57150,1254575130
+43.45865,+1.57150,1254575190
+43.45872,+1.57163,1254575250
+43.45863,+1.57167,1254575310
+43.45877,+1.57129,1254575370
+43.45887,+1.57155,1254575430
+43.45874,+1.57152,1254575490
+43.45847,+1.57156,1254575550
+43.45843,+1.57179,1254575670
+43.45846,+1.57179,1254575730
+43.45845,+1.57175,1254575790
+43.45837,+1.57180,1254575850
+43.45838,+1.57179,1254575909
+43.45846,+1.57178,1254575969
+43.45844,+1.57170,1254576029
+43.45829,+1.57168,1254576089
+43.45838,+1.57168,1254576149
+43.45792,+1.57283,1254576269
+43.45840,+1.57218,1254576329
+43.45842,+1.57188,1254576389
+43.45836,+1.57194,1254576449
+43.45854,+1.57188,1254576509
+43.45861,+1.57177,1254576569
+43.45810,+1.57195,1254576689
+43.45833,+1.57191,1254576749
+43.45861,+1.57174,1254576809
+43.45833,+1.57201,1254576869
+43.45855,+1.57177,1254576929
+43.45834,+1.57185,1254576989
+43.45833,+1.57178,1254577049
+43.45842,+1.57180,1254577109
+43.45849,+1.57181,1254577169
+43.45860,+1.57174,1254577229
+43.45865,+1.57169,1254577469
+43.45829,+1.57188,1254577529
+43.45829,+1.57185,1254577589
+43.45824,+1.57188,1254577649
+43.45824,+1.57217,1254585149
+43.45834,+1.57185,1254586349
+43.45813,+1.57198,1254586409
+43.45841,+1.57182,1254586469
+43.45873,+1.57145,1254586895
+43.45877,+1.57164,1254586955
+43.45906,+1.57160,1254587014
+43.45924,+1.57215,1254587075
+43.45932,+1.57253,1254587135
+43.45966,+1.57228,1254587195
+43.45993,+1.57191,1254587255
+43.46029,+1.57182,1254587315
+43.46045,+1.57164,1254587375
+43.46068,+1.57153,1254587432
+43.46104,+1.57119,1254587492
+43.46152,+1.57100,1254587552
+43.46205,+1.57090,1254587734
+43.46223,+1.57052,1254587794
+43.46237,+1.57020,1254587854
+43.46256,+1.57012,1254587914
+43.46276,+1.57051,1254587974
+43.46293,+1.57042,1254588032
+43.46316,+1.57026,1254588092
+43.46332,+1.57025,1254588152
+43.46320,+1.57051,1254588212
+43.46316,+1.57065,1254588272
+43.46295,+1.57087,1254588332
+43.46277,+1.57103,1254588392
+43.46257,+1.57129,1254588452
+43.46228,+1.57145,1254588512
+43.46204,+1.57155,1254588574
+43.46185,+1.57168,1254588632
+43.46197,+1.57164,1254588692
+43.46190,+1.57161,1254588752
+43.46192,+1.57154,1254588812
+43.46196,+1.57155,1254588872
+43.46188,+1.57163,1254588932
+43.46191,+1.57162,1254588992
+43.46192,+1.57167,1254589052
+43.46189,+1.57165,1254589112
+43.46172,+1.57150,1254589172
+43.46179,+1.57160,1254589233
+43.46184,+1.57179,1254589353
+43.46192,+1.57160,1254589413
+43.46192,+1.57162,1254589474
+43.46208,+1.57168,1254589534
+43.46195,+1.57166,1254589594
+43.46191,+1.57158,1254589654
+43.46193,+1.57163,1254589714
+43.46177,+1.57158,1254589774
+43.46185,+1.57158,1254589833
+43.46185,+1.57157,1254589893
+43.46185,+1.57159,1254589953
+43.46183,+1.57158,1254590013
+43.46183,+1.57158,1254590073
+43.46185,+1.57160,1254590133
+43.46186,+1.57157,1254590193
+43.46191,+1.57160,1254590253
+43.46192,+1.57161,1254590313
+43.46192,+1.57161,1254590373
+43.46195,+1.57162,1254590433
+43.46194,+1.57163,1254590493
+43.46190,+1.57165,1254590553
+43.46188,+1.57167,1254590613
+43.46200,+1.57151,1254590673
+43.46203,+1.57140,1254590734
+43.46228,+1.57130,1254590794
+43.46250,+1.57109,1254590853
+43.46272,+1.57089,1254590913
+43.46302,+1.57076,1254590973
+43.46311,+1.57050,1254591033
+43.46337,+1.57046,1254591095
+43.46326,+1.57025,1254591155
+43.46300,+1.57040,1254591215
+43.46270,+1.57042,1254591275
+43.46255,+1.57031,1254591333
+43.46218,+1.57035,1254591393
+43.46211,+1.57076,1254591453
+43.46165,+1.57095,1254591513
+43.46161,+1.57092,1254591573
+43.46133,+1.57120,1254591633
+43.46129,+1.57128,1254591697
+43.46106,+1.57150,1254591756
+43.46099,+1.57154,1254591816
+43.46089,+1.57164,1254591877
+43.46084,+1.57161,1254591936
+43.46084,+1.57237,1254591996
+43.46030,+1.57208,1254592056
+43.46015,+1.57217,1254592116
+43.46018,+1.57270,1254592177
+43.45967,+1.57232,1254592238
+43.45938,+1.57236,1254592298
+43.45905,+1.57199,1254592358
+43.45888,+1.57182,1254592418
+43.45863,+1.57176,1254592477
+43.45870,+1.57211,1254592538
+43.45820,+1.57193,1254592598
+43.45842,+1.57197,1254592658
+43.45842,+1.57159,1254592718
+43.45840,+1.57174,1254592778
+43.45852,+1.57169,1254592838
+43.45853,+1.57172,1254592898
+43.45835,+1.57168,1254592958
+43.45830,+1.57203,1254593018
+43.45815,+1.57267,1254593138
+43.45803,+1.57299,1254593198
+43.45775,+1.57322,1254593258
+43.45766,+1.57345,1254593318
+43.45772,+1.57362,1254593378
+43.45768,+1.57348,1254593436
+43.45767,+1.57353,1254593496
+43.45761,+1.57351,1254593556
+43.45761,+1.57353,1254593616
+43.45768,+1.57358,1254593676
+43.45768,+1.57360,1254593736
+43.45762,+1.57357,1254593795
+43.45765,+1.57352,1254593855
+43.45766,+1.57352,1254593915
+43.45759,+1.57354,1254593975
+43.45771,+1.57362,1254594035
+43.45772,+1.57359,1254594095
+43.45768,+1.57355,1254594155
+43.45768,+1.57354,1254594215
+43.45767,+1.57354,1254594277
+43.45767,+1.57352,1254594337
+43.45767,+1.57352,1254594397
+43.45762,+1.57351,1254594457
+43.45764,+1.57350,1254594517
+43.45764,+1.57351,1254594577
+43.45765,+1.57354,1254594633
+43.45766,+1.57352,1254594693
+43.45764,+1.57352,1254594753
+43.45768,+1.57353,1254594813
+43.45770,+1.57352,1254594873
+43.45771,+1.57352,1254594933
+43.45771,+1.57353,1254594993
+43.45767,+1.57352,1254595053
+43.45769,+1.57343,1254595113
+43.45783,+1.57332,1254595173
+43.45797,+1.57301,1254595233
+43.45804,+1.57273,1254595293
+43.45774,+1.57224,1254595353
+43.45805,+1.57177,1254595413
+43.45755,+1.57146,1254595777
+43.45746,+1.57174,1254595835
+43.45821,+1.57181,1254595895
+43.45837,+1.57171,1254596015
+43.45914,+1.57182,1254596135
+43.45797,+1.57178,1254596315
+43.45877,+1.57188,1254597756
+43.45849,+1.57123,1254597876
+43.45849,+1.57123,1254653354
+43.45774,+1.57421,1254654119
+43.45793,+1.57421,1254654179
+43.45810,+1.57416,1254654237
+43.45807,+1.57457,1254654297
+43.45827,+1.57469,1254654357
+43.45811,+1.57464,1254654417
+43.45817,+1.57456,1254654476
+43.45808,+1.57452,1254654536
+43.45814,+1.57467,1254654596
+43.45805,+1.57463,1254654656
+43.45812,+1.57466,1254654716
+43.45812,+1.57468,1254654776
+43.45810,+1.57462,1254654836
+43.45815,+1.57459,1254654896
+43.45850,+1.57490,1254654956
+43.45823,+1.57464,1254655016
+43.45832,+1.57459,1254655076
+43.45814,+1.57461,1254655137
+43.45815,+1.57459,1254655197
+43.45793,+1.57451,1254655257
+43.45786,+1.57454,1254655317
+43.45791,+1.57435,1254655377
+43.45803,+1.57443,1254655439
+43.45850,+1.57480,1254655499
+43.45833,+1.57450,1254655558
+43.45810,+1.57446,1254655618
+43.45789,+1.57429,1254655678
+43.45798,+1.57397,1254655736
+43.45761,+1.57351,1254655796
+43.45766,+1.57322,1254655856
+43.45797,+1.57294,1254655916
+43.45840,+1.57276,1254655976
+43.45827,+1.57221,1254656039
+43.45834,+1.57174,1254656099
+43.45861,+1.57146,1254656159
+43.45849,+1.57184,1254656219
+43.45853,+1.57168,1254656279
+43.45853,+1.57166,1254656937
+43.45858,+1.57214,1254658197
+43.45827,+1.57226,1254658257
+43.45829,+1.57190,1254658377
+43.45813,+1.57207,1254658497
+43.45852,+1.57166,1254658617
+43.45856,+1.57184,1254658677
+43.45836,+1.57160,1254658737
+43.45849,+1.57163,1254658797
+43.45833,+1.57142,1254658856
+43.45821,+1.57300,1254659036
+43.45823,+1.57191,1254659156
+43.45821,+1.57166,1254659216
+43.45830,+1.57194,1254659276
+43.45830,+1.57193,1254659336
+43.45808,+1.57221,1254659396
+43.45803,+1.57216,1254659456
+43.45816,+1.57206,1254659516
+43.45816,+1.57158,1254659636
+43.45817,+1.57179,1254659696
+43.45803,+1.57179,1254659756
+43.45817,+1.57183,1254659876
+43.45818,+1.57170,1254660056
+43.45839,+1.57180,1254660116
+43.45822,+1.57191,1254660356
+43.45816,+1.57191,1254660416
+43.45802,+1.57184,1254660476
+43.45821,+1.57180,1254660536
+43.45863,+1.57132,1254660596
+43.45832,+1.57145,1254660656
+43.45844,+1.57197,1254660716
+43.45841,+1.57191,1254660776
+43.45846,+1.57201,1254660837
+43.45869,+1.57220,1254660897
+43.45838,+1.57189,1254661017
+43.45839,+1.57192,1254661077
+43.45779,+1.57366,1254678055
+43.45770,+1.57355,1254678115
+43.45774,+1.57339,1254678175
+43.45773,+1.57377,1254678235
+43.45774,+1.57354,1254678295
+43.45760,+1.57333,1254678355
+43.45772,+1.57346,1254678415
+43.45803,+1.57384,1254678475
+43.45868,+1.57401,1254678535
+43.45972,+1.57458,1254678598
+43.45801,+1.57366,1254678718
+43.45787,+1.57363,1254678778
+43.45768,+1.57357,1254678836
+43.45773,+1.57359,1254678896
+43.45771,+1.57340,1254678956
+43.45769,+1.57355,1254679016
+43.45776,+1.57358,1254679079
+43.45783,+1.57362,1254679137
+43.45777,+1.57359,1254679197
+43.45770,+1.57365,1254679257
+43.45764,+1.57338,1254679317
+43.45747,+1.57351,1254679377
+43.45723,+1.57343,1254679437
+43.45751,+1.57348,1254679497
+43.45776,+1.57345,1254679557
+43.45771,+1.57346,1254679617
+43.45764,+1.57342,1254679677
+43.45728,+1.57343,1254679737
+43.45809,+1.57392,1254679797
+43.45769,+1.57358,1254679857
+43.45765,+1.57356,1254679917
+43.45775,+1.57356,1254679977
+43.45776,+1.57356,1254680037
+43.45774,+1.57363,1254680097
+43.45776,+1.57354,1254680157
+43.45758,+1.57348,1254680217
+43.45768,+1.57350,1254680277
+43.45762,+1.57349,1254680337
+43.45758,+1.57371,1254680397
+43.45771,+1.57351,1254680457
+43.45791,+1.57362,1254680517
+43.45772,+1.57343,1254680577
+43.45778,+1.57353,1254680637
+43.45781,+1.57364,1254680697
+43.45783,+1.57379,1254680757
+43.45774,+1.57326,1254680816
+43.45768,+1.57331,1254680876
+43.45786,+1.57291,1254680937
+43.45799,+1.57303,1254680997
+43.45813,+1.57263,1254681057
+43.45801,+1.57230,1254681117
+43.45812,+1.57226,1254681177
+43.45836,+1.57203,1254681235
+43.45856,+1.57212,1254681295
+43.45893,+1.57160,1254682735
+43.45775,+1.57168,1254682915
+43.45862,+1.57227,1254683395
+43.45887,+1.57183,1254683455
+43.45868,+1.57166,1254683515
+43.45877,+1.57176,1254683575
+43.45875,+1.57190,1254683635
+43.45867,+1.57191,1254683695
+43.45856,+1.57182,1254683755
+43.45788,+1.57158,1254683875
+43.45876,+1.57190,1254684175
+43.45917,+1.57205,1254684235
+43.45893,+1.57175,1254684295
+43.45867,+1.57169,1254684355
+43.45858,+1.57175,1254684415
+43.45820,+1.57181,1254684475
+43.45828,+1.57194,1254684535
+43.45856,+1.57201,1254685075
+43.45874,+1.57177,1254685196
+43.45877,+1.57181,1254685256
+43.45869,+1.57186,1254685556
+43.45854,+1.57189,1254685616
+43.45835,+1.57212,1254685796
+43.45823,+1.57187,1254685856
+43.45837,+1.57179,1254685916
+43.45840,+1.57166,1254685976
+43.45834,+1.57180,1254686036
+43.45834,+1.57180,1263391387
+43.45834,+1.57180,1263482426
+43.49038,+1.56715,1263490681
+43.47560,+1.57584,1263490805
+43.46538,+1.57208,1263490865
+43.45776,+1.57310,1263493382
+43.45804,+1.57247,1263493442
+43.45811,+1.57187,1263493502
+43.45840,+1.57184,1263493563
+43.45852,+1.57189,1263494042
+43.45887,+1.57166,1263494102
+43.45815,+1.57176,1263494882
+43.45831,+1.57157,1263496442
+43.45831,+1.57157,1263582083
+43.45831,+1.57157,1263665532
+43.45831,+1.57157,1263746216
+43.45829,+1.57355,1263747366
+43.45785,+1.57339,1263747426
+43.45764,+1.57365,1263747486
+43.45765,+1.57360,1263747543
+43.45775,+1.57350,1263747603
+43.45782,+1.57347,1263747664
+43.45774,+1.57354,1263747723
+43.45767,+1.57371,1263747783
+43.45767,+1.57448,1263747903
+43.45818,+1.57438,1263747964
+43.45821,+1.57461,1263748024
+43.45843,+1.57464,1263748083
+43.45856,+1.57472,1263748143
+43.45868,+1.57486,1263748203
+43.45859,+1.57491,1263748264
+43.45817,+1.57466,1263748324
+43.45810,+1.57451,1263748384
+43.45825,+1.57425,1263748443
+43.45787,+1.57412,1263748503
+43.45797,+1.57400,1263748563
+43.45734,+1.57437,1263748623
+43.45727,+1.57417,1263748684
+43.45680,+1.57383,1263748744
+43.45655,+1.57346,1263748804
+43.45616,+1.57323,1263748863
+43.45607,+1.57281,1263748924
+43.45618,+1.57249,1263748984
+43.45632,+1.57180,1263749043
+43.45643,+1.57147,1263749104
+43.45642,+1.57121,1263749163
+43.45656,+1.57103,1263749223
+43.45688,+1.57108,1263749284
+43.45718,+1.57149,1263749343
+43.45751,+1.57129,1263749403
+43.45758,+1.57097,1263749464
+43.45781,+1.57091,1263749524
+43.45816,+1.57089,1263749584
+43.45825,+1.57152,1263749644
+43.45898,+1.57183,1263749704
+43.45855,+1.57211,1263749764
+43.45855,+1.57211,1263974307
+43.45855,+1.57211,1263974321
+43.45827,+1.57151,1265796556
+43.55671,+1.47006,1265804721
+43.45829,+1.57159,1265813798
+43.45841,+1.57177,1265813859
+43.45859,+1.57162,1265821167
+43.45843,+1.57182,1265821227
+43.45828,+1.57202,1265821287
+43.45841,+1.57186,1265821347
+43.45845,+1.57185,1265821407
+43.45841,+1.57170,1265821467
+43.45820,+1.57231,1265821647
+43.45847,+1.57145,1265822427
+43.45848,+1.57159,1265822487
+43.45837,+1.57185,1265822547
+43.45833,+1.57195,1265822607
+43.45842,+1.57191,1265822667
+43.45852,+1.57194,1265822727
+43.45834,+1.57178,1265822787
+43.45833,+1.57183,1265822907
+43.45830,+1.57165,1265822967
+43.45847,+1.57156,1265823027
+43.45839,+1.57180,1265823147
+43.45848,+1.57166,1265823207
+43.45844,+1.57164,1265823267
+43.45850,+1.57179,1265823327
+43.45844,+1.57171,1265823387
+43.45842,+1.57175,1265823447
+43.45839,+1.57164,1265823507
+43.45835,+1.57171,1265823627
+43.45849,+1.57172,1265823687
+43.45848,+1.57167,1265823747
+43.45825,+1.57158,1265823807
+43.45829,+1.57148,1265823867
+43.45847,+1.57162,1265823927
+43.45835,+1.57205,1265823987
+43.45840,+1.57170,1265824047
+43.45839,+1.57168,1265824107
+43.45844,+1.57194,1265824587
+43.45904,+1.57292,1265824647
+43.45869,+1.57324,1265824707
+43.45787,+1.57402,1265824767
+43.45758,+1.57456,1265825907
+43.45780,+1.57421,1265825967
+43.45797,+1.57332,1265826027
+43.45809,+1.57260,1265826087
+43.45871,+1.57155,1265826147
+43.45774,+1.57184,1265826327
+43.45882,+1.57130,1265826387
+43.45882,+1.57130,1265829037
+43.45838,+1.57177,1265829347
+43.45833,+1.57183,1265829407
+43.45868,+1.57153,1265829466
+43.45856,+1.57148,1265829526
+43.45768,+1.57256,1265829705
+43.45809,+1.57217,1265829765
+43.45839,+1.57217,1265829824
+43.45786,+1.57240,1265830126
+43.45801,+1.57231,1265830186
+43.45785,+1.57203,1265830305
+43.45825,+1.57202,1265830364
+43.45820,+1.57203,1265830424
+43.46018,+1.57122,1265830663
+43.46739,+1.57196,1265830724
+43.45843,+1.57148,1265830871
+43.45839,+1.57158,1265830931
+43.46739,+1.57196,1265830962
+43.45850,+1.57178,1265831229
+43.45868,+1.57155,1265831348
+43.45829,+1.57148,1265831895
+43.45826,+1.57183,1265831955
+43.45853,+1.57141,1265832133
+43.45856,+1.57160,1265832192
+43.45803,+1.57160,1265832372
+43.45799,+1.57186,1265832431
+43.45838,+1.57175,1265832490
+43.45845,+1.57149,1265832549
+43.45828,+1.57164,1265832608
+43.45904,+1.57192,1265832786
+43.46739,+1.57196,1265832819
+43.45857,+1.57170,1265833214
+43.45843,+1.57204,1265833273
+43.45832,+1.57195,1265833333
+43.45847,+1.57162,1265833392
+43.45833,+1.57167,1265833451
+43.45850,+1.57159,1265833511
+43.45811,+1.57178,1265833570
+43.45823,+1.57165,1265833645
+43.45833,+1.57164,1265833704
+43.45839,+1.57155,1265834061
+43.45832,+1.57151,1265834180
+43.45834,+1.57159,1265834239
+43.45822,+1.57149,1265834299
+43.45810,+1.57167,1265834358
+43.45837,+1.57151,1265834417
+43.45850,+1.57159,1265834477
+43.45839,+1.57179,1265834537
+43.45850,+1.57134,1265834596
+43.45846,+1.57162,1265834656
+43.45848,+1.57160,1265834715
+43.45820,+1.57158,1265834775
+43.45821,+1.57156,1265834834
+43.45821,+1.57144,1265834893
+43.45824,+1.57154,1265834952
+43.45828,+1.57165,1265835012
+43.45847,+1.57155,1265835071
+43.45857,+1.57173,1265835131
+43.45832,+1.57170,1265835191
+43.45772,+1.57195,1265835251
+43.45793,+1.57166,1265835310
+43.45862,+1.57178,1265835369
+43.45819,+1.57183,1265835426
+43.45819,+1.57160,1265835486
+43.45808,+1.57164,1265835546
+43.45841,+1.57173,1265835606
+43.45845,+1.57168,1265835665
+43.45834,+1.57169,1265835724
+43.45842,+1.57169,1265835784
+43.45885,+1.57232,1265835843
+43.45870,+1.57198,1265835903
+43.45833,+1.57152,1265835963
+43.45836,+1.57217,1265836022
+43.45834,+1.57175,1265836082
+43.45851,+1.57187,1265836142
+43.45843,+1.57176,1265836202
+43.45829,+1.57170,1265836262
+43.45852,+1.57170,1265836321
+43.45863,+1.57158,1265836381
+43.45858,+1.57163,1265836440
+43.45818,+1.57205,1265836500
+43.45832,+1.57187,1265836559
+43.45840,+1.57173,1265836619
+43.45829,+1.57165,1265836678
+43.45840,+1.57171,1265836738
+43.45842,+1.57193,1265836797
+43.45836,+1.57164,1265836857
+43.45838,+1.57188,1265836917
+43.45857,+1.57181,1265836976
+43.45845,+1.57209,1265837036
+43.45850,+1.57201,1265837095
+43.45841,+1.57208,1265837285
+43.45845,+1.57155,1265837344
+43.45843,+1.57193,1265837522
+43.45826,+1.57193,1265837641
+43.45839,+1.57167,1265837701
+43.45844,+1.57185,1265837761
+43.45832,+1.57146,1265837941
+43.45848,+1.57180,1265838001
+43.45855,+1.57197,1265838061
+43.45855,+1.57220,1265838121
+43.45858,+1.57196,1265838181
+43.45815,+1.57124,1265838481
+43.45844,+1.57182,1265838601
+43.45841,+1.57145,1265838661
+43.45845,+1.57166,1265838721
+43.45842,+1.57171,1265838781
+43.45842,+1.57179,1265838841
+43.45824,+1.57131,1265838901
+43.45836,+1.57160,1265839086
+43.45824,+1.57178,1265839146
+43.45823,+1.57150,1265839206
+43.45820,+1.57151,1265839266
+43.45821,+1.57139,1265839386
+43.45834,+1.57169,1265839446
+43.45839,+1.57158,1265839566
+43.45814,+1.57172,1265839626
+43.45834,+1.57165,1265839686
+43.45847,+1.57186,1265839746
+43.45858,+1.57211,1265839806
+43.45842,+1.57195,1265839866
+43.45827,+1.57161,1265839926
+43.45822,+1.57167,1265839986
+43.45838,+1.57179,1265840046
+43.45833,+1.57172,1265840106
+43.45844,+1.57177,1265840166
+43.45842,+1.57180,1265840226
+43.45824,+1.57170,1265840287
+43.45850,+1.57170,1265840646
+43.45851,+1.57126,1265840706
+43.45820,+1.57158,1265840766
+43.45838,+1.57171,1265840826
+43.45853,+1.57196,1265840886
+43.45846,+1.57173,1265841186
+43.45846,+1.57181,1265841246
+43.45845,+1.57154,1265841306
+43.45854,+1.57163,1265841366
+43.45864,+1.57161,1265841426
+43.45849,+1.57169,1265841486
+43.45842,+1.57159,1265841546
+43.45845,+1.57142,1265841666
+43.45844,+1.57182,1265841726
+43.45842,+1.57167,1265841786
+43.45819,+1.57184,1265841846
+43.45848,+1.57174,1265841906
+43.45846,+1.57153,1265841966
+43.45837,+1.57123,1265842026
+43.45831,+1.57182,1265842146
+43.45820,+1.57161,1265842206
+43.45829,+1.57130,1265842267
+43.45827,+1.57129,1265842326
+43.45802,+1.57161,1265842446
+43.45826,+1.57184,1265842866
+43.45837,+1.57211,1265842926
+43.45843,+1.57198,1265843046
+43.45854,+1.57233,1265843166
+43.45862,+1.57201,1265843286
+43.45794,+1.57191,1265843406
+43.45838,+1.57180,1265843586
+43.45831,+1.57161,1265843646
+43.45830,+1.57166,1265843706
+43.45839,+1.57154,1265843766
+43.45842,+1.57164,1265843826
+43.45837,+1.57157,1265843886
+43.45833,+1.57153,1265843946
+43.45840,+1.57158,1265844006
+43.45844,+1.57167,1265844066
+43.45846,+1.57179,1265844126
+43.45840,+1.57171,1265844186
+43.45831,+1.57172,1265844246
+43.45841,+1.57178,1265844306
+43.45843,+1.57186,1265844366
+43.45839,+1.57180,1265844426
+43.45838,+1.57189,1265844486
+43.45836,+1.57186,1265844546
+43.45839,+1.57182,1265844606
+43.45855,+1.57179,1265844666
+43.45852,+1.57170,1265844726
+43.45849,+1.57173,1265844786
+43.45836,+1.57155,1265844846
+43.45845,+1.57165,1265844906
+43.45839,+1.57170,1265844966
+43.45831,+1.57159,1265845026
+43.45824,+1.57167,1265845086
+43.45842,+1.57156,1265845146
+43.45840,+1.57172,1265845206
+43.45830,+1.57168,1265845266
+43.45828,+1.57182,1265845326
+43.45825,+1.57177,1265845386
+43.45833,+1.57181,1265845446
+43.45839,+1.57175,1265845506
+43.45838,+1.57177,1265845566
+43.45819,+1.57143,1265845626
+43.45813,+1.57168,1265845686
+43.45828,+1.57140,1265845746
+43.45830,+1.57144,1265845806
+43.45848,+1.57169,1265845866
+43.45836,+1.57169,1265845926
+43.45830,+1.57165,1265845986
+43.45830,+1.57168,1265846046
+43.45856,+1.57146,1265846106
+43.45843,+1.57169,1265846166
+43.45836,+1.57176,1265846226
+43.45838,+1.57172,1265846286
+43.45840,+1.57189,1265846346
+43.45853,+1.57169,1265846406
+43.45856,+1.57171,1265846466
+43.45849,+1.57161,1265846526
+43.45842,+1.57176,1265846586
+43.45839,+1.57174,1265846646
+43.45834,+1.57169,1265846706
+43.45832,+1.57170,1265846766
+43.45829,+1.57173,1265846826
+43.45847,+1.57182,1265846886
+43.45831,+1.57185,1265846946
+43.45841,+1.57170,1265847006
+43.45838,+1.57173,1265847066
+43.45838,+1.57174,1265847126
+43.45841,+1.57181,1265847186
+43.45851,+1.57180,1265847246
+43.45849,+1.57180,1265847306
+43.45839,+1.57174,1265847366
+43.45842,+1.57171,1265847426
+43.45848,+1.57164,1265847486
+43.45845,+1.57172,1265847546
+43.45834,+1.57174,1265847606
+43.45848,+1.57169,1265847666
+43.45848,+1.57156,1265847726
+43.45834,+1.57178,1265847786
+43.45834,+1.57194,1265847846
+43.45835,+1.57192,1265847906
+43.45854,+1.57185,1265847966
+43.45859,+1.57179,1265848026
+43.45841,+1.57202,1265848086
+43.45826,+1.57166,1265848146
+43.45827,+1.57177,1265848206
+43.45840,+1.57154,1265848266
+43.45840,+1.57162,1265848326
+43.45838,+1.57175,1265848386
+43.45841,+1.57171,1265848446
+43.45845,+1.57166,1265848506
+43.45833,+1.57167,1265848566
+43.45837,+1.57155,1265848626
+43.45833,+1.57163,1265848686
+43.45842,+1.57155,1265848746
+43.45836,+1.57163,1265848806
+43.45836,+1.57170,1265848866
+43.45849,+1.57170,1265848926
+43.45866,+1.57170,1265848986
+43.45836,+1.57178,1265849046
+43.45837,+1.57173,1265849106
+43.45840,+1.57166,1265849006
+43.45840,+1.57170,1265849186
+43.45839,+1.57170,1265849246
+43.45829,+1.57158,1265849306
+43.45833,+1.57172,1265849366
+43.45846,+1.57175,1265849426
+43.45852,+1.57181,1265849486
+43.45858,+1.57180,1265849546
+43.45854,+1.57180,1265849606
+43.45847,+1.57162,1265849666
+43.45772,+1.57204,1265849726
+43.45826,+1.57183,1265849786
+43.45831,+1.57173,1265850007
+43.45829,+1.57166,1265850067
+43.45844,+1.57169,1265850127
+43.45854,+1.57170,1265850187
+43.45856,+1.57173,1265850247
+43.45836,+1.57168,1265850307
+43.45810,+1.57162,1265850367
+43.45823,+1.57169,1265850427
+43.45823,+1.57165,1265850487
+43.45804,+1.57149,1265850547
+43.45800,+1.57172,1265850607
+43.45813,+1.57172,1265850667
+43.45784,+1.57181,1265850727
+43.45829,+1.57168,1265850787
+43.45801,+1.57173,1265850847
+43.45824,+1.57176,1265850907
+43.45847,+1.57176,1265850967
+43.45843,+1.57166,1265851027
+43.45839,+1.57161,1265851087
+43.45850,+1.57155,1265851147
+43.45862,+1.57155,1265851207
+43.45854,+1.57156,1265851267
+43.45845,+1.57166,1265851327
+43.45843,+1.57162,1265851387
+43.45826,+1.57168,1265851447
+43.45836,+1.57167,1265851507
+43.45840,+1.57194,1265851567
+43.45839,+1.57166,1265851627
+43.45819,+1.57142,1265851687
+43.45823,+1.57154,1265851747
+43.45829,+1.57161,1265851807
+43.45834,+1.57165,1265851867
+43.45832,+1.57173,1265851927
+43.45834,+1.57171,1265851987
+43.45835,+1.57170,1265852047
+43.45835,+1.57170,1265852107
+43.45830,+1.57167,1265852167
+43.45864,+1.57135,1265852227
+43.45824,+1.57164,1265852287
+43.45823,+1.57160,1265852347
+43.45832,+1.57163,1265852407
+43.45833,+1.57174,1265852467
+43.45880,+1.57177,1265852527
+43.45877,+1.57181,1265852587
+43.45881,+1.57159,1265852647
+43.45877,+1.57183,1265852707
+43.45881,+1.57174,1265852767
+43.45867,+1.57171,1265852827
+43.45854,+1.57173,1265852887
+43.45831,+1.57093,1265852947
+43.45827,+1.57118,1265853067
+43.45843,+1.57163,1265853127
+43.45871,+1.57161,1265853187
+43.45849,+1.57176,1265853247
+43.45839,+1.57167,1265853307
+43.45841,+1.57180,1265853367
+43.45847,+1.57193,1265853427
+43.45840,+1.57187,1265853487
+43.45829,+1.57165,1265853547
+43.45837,+1.57170,1265853607
+43.45839,+1.57161,1265853667
+43.45848,+1.57187,1265853727
+43.45841,+1.57162,1265853787
+43.45836,+1.57169,1265853847
+43.45836,+1.57173,1265853907
+43.45843,+1.57176,1265853967
+43.45841,+1.57186,1265854027
+43.45843,+1.57169,1265854087
+43.45838,+1.57180,1265854147
+43.45842,+1.57177,1265854207
+43.45847,+1.57179,1265854267
+43.45862,+1.57182,1265854327
+43.45844,+1.57168,1265854387
+43.45849,+1.57167,1265854447
+43.45845,+1.57175,1265854507
+43.45843,+1.57166,1265854567
+43.45842,+1.57180,1265854627
+43.45841,+1.57185,1265854687
+43.45844,+1.57167,1265854747
+43.45839,+1.57165,1265854807
+43.45845,+1.57164,1265854867
+43.45837,+1.57172,1265854927
+43.45839,+1.57169,1265854987
+43.45843,+1.57173,1265855047
+43.45840,+1.57190,1265855107
+43.45839,+1.57176,1265855167
+43.45840,+1.57178,1265855227
+43.45843,+1.57183,1265855287
+43.45845,+1.57187,1265855347
+43.45844,+1.57177,1265855407
+43.45847,+1.57180,1265855467
+43.45843,+1.57176,1265855527
+43.45841,+1.57181,1265855587
+43.45841,+1.57182,1265855647
+43.45844,+1.57182,1265855707
+43.45842,+1.57158,1265855767
+43.45845,+1.57150,1265855827
+43.45840,+1.57170,1265855887
+43.45850,+1.57175,1265855947
+43.45839,+1.57173,1265856007
+43.45837,+1.57165,1265856067
+43.45833,+1.57158,1265856127
+43.45846,+1.57177,1265856187
+43.45836,+1.57169,1265856247
+43.45835,+1.57210,1265856307
+43.45845,+1.57196,1265856367
+43.45848,+1.57177,1265856427
+43.45849,+1.57179,1265856487
+43.45839,+1.57188,1265856547
+43.45830,+1.57171,1265856607
+43.45840,+1.57165,1265856667
+43.45835,+1.57171,1265856727
+43.45842,+1.57154,1265856787
+43.45842,+1.57154,1265911301
+43.48376,+1.54520,1265911430
+43.48376,+1.54520,1265911543
+43.45822,+1.57232,1265915502
+43.45872,+1.57224,1265915563
+43.45848,+1.57197,1265915623
+43.45843,+1.57146,1265915803
+48.84517,+2.34534,1266439978
+43.46159,+1.56636,1266444186
+43.76481,+1.38063,1266716643
+43.76481,+1.38063,1266716643
+43.75957,+1.38518,1266716703
+43.74074,+1.39127,1266716763
+43.72157,+1.39972,1266716824
+43.70263,+1.40631,1266716884
+43.68377,+1.41305,1266716944
+43.66511,+1.42236,1266717004
+43.65666,+1.42681,1266717064
+43.64870,+1.43574,1266717124
+43.64699,+1.45685,1266717185
+43.64561,+1.45032,1266717244
+48.87020,+2.27246,1268239445
+48.86945,+2.27571,1268239520
+48.86992,+2.27393,1268239566
+48.86998,+2.27407,1268239626
+48.86997,+2.27397,1268292091
+48.86997,+2.27397,1268292097
+48.88598,+2.31279,1268293021
+48.88510,+2.31197,1268293133
+48.88670,+2.31369,1268293250
+48.88631,+2.31268,1268293310
+48.88557,+2.31198,1268293369
+48.88631,+2.31268,1268315741
+48.88640,+2.31286,1268343300
+48.88633,+2.31259,1268343351
+48.88644,+2.31263,1268343410
+48.88623,+2.31308,1268343470
+48.88625,+2.31314,1268343529
+48.88632,+2.31312,1268343588
+48.88602,+2.31346,1268343647
+48.88643,+2.31329,1268343707
+48.88636,+2.31334,1268343766
+48.88631,+2.31282,1268343831
+48.88637,+2.31308,1268343891
+48.88646,+2.31312,1268343951
+48.88624,+2.31329,1268344010
+48.88642,+2.31288,1268344070
+48.88631,+2.31292,1268344129
+48.88641,+2.31286,1268344189
+48.88620,+2.31297,1268344248
+48.88629,+2.31324,1268344308
+48.88636,+2.31315,1268344366
+48.88640,+2.31310,1268384391
+48.83209,+2.31409,1269956509
+48.84578,+2.26708,1269957663
+48.84250,+2.32134,1269978717
+48.84108,+2.32067,1269978887
+48.84132,+2.32127,1269978947
+48.84027,+2.32165,1269979006
+48.83926,+2.32105,1269979066
+48.83833,+2.32059,1269979126
+48.83749,+2.31975,1269979186
+48.83753,+2.31883,1269979246
+48.83614,+2.31891,1269979306
+48.83539,+2.31791,1269979366
+48.83546,+2.31713,1269979426
+48.83475,+2.31744,1269979495
+48.83380,+2.31776,1269979555
+48.83350,+2.31678,1269979615
+48.83319,+2.31586,1269979675
+48.83303,+2.31615,1269980154
+48.83619,+2.32504,1269980460
+48.83209,+2.31409,1269980642
+48.83619,+2.32504,1269984727
+48.83209,+2.31409,1269984967
+48.83619,+2.32504,1269985086
+48.83209,+2.31409,1269985266
+48.83209,+2.31409,1269985625
+48.83209,+2.31409,1269985924
+48.83619,+2.32504,1269986163
+48.83619,+2.32504,1269986403
+48.83619,+2.32504,1269987367
+48.83619,+2.32504,1269987846
+48.83619,+2.32504,1269987965
+48.83619,+2.32504,1269988322
+48.83619,+2.32504,1269990368
+48.83619,+2.32504,1269990667
+48.83619,+2.32504,1269992049
+48.83619,+2.32504,1270043595
+48.83619,+2.32504,1270043604
+48.83670,+2.26693,1270043675
+48.83670,+2.26693,1270043731
+48.84716,+2.26453,1270052974
+48.83670,+2.26693,1270053031
+48.84497,+2.26397,1270053229
+48.84716,+2.26453,1270053301
+48.84716,+2.26453,1270053357
+48.83670,+2.26693,1270053396
+48.84497,+2.26397,1270053469
+48.84636,+2.26432,1270053511
+48.84636,+2.26432,1270053581
+48.84497,+2.26397,1270053894
+48.84497,+2.26397,1270053962
+48.84497,+2.26397,1270054073
+48.84497,+2.26397,1270054123
+48.84497,+2.26397,1270054186
+48.84807,+2.26223,1270054252
+48.84497,+2.26397,1270054333
+48.84497,+2.26397,1270054361
+48.84497,+2.26397,1270054423
+48.84497,+2.26397,1270054480
+48.84497,+2.26397,1270054543
+48.84497,+2.26397,1270054601
+48.84497,+2.26397,1270054664
+48.83240,+2.31698,1270070533
+48.83206,+2.31691,1270070558
+48.83206,+2.31691,1270070672
+48.83206,+2.31691,1270070799
+48.83206,+2.31691,1270070856
+48.83206,+2.31691,1270070915
+48.83206,+2.31691,1270071038
+48.83206,+2.31691,1270071697
+48.83206,+2.31691,1270071759
+48.83206,+2.31691,1270071813
+48.83206,+2.31691,1270071881
+48.83206,+2.31691,1270071939
+48.83206,+2.31691,1270071998
+48.83206,+2.31691,1270072057
+48.83206,+2.31691,1270072242
+48.83247,+2.31605,1270072294
+48.83206,+2.31691,1270072356
+48.83206,+2.31691,1270072417
+48.83206,+2.31691,1270072476
+48.83206,+2.31691,1270072542
+48.83206,+2.31691,1270072596
+48.83206,+2.31691,1270108238
+48.83979,+2.31605,1270108370
+48.84274,+2.31217,1270108491
+48.84761,+2.26558,1270560529
+43.56284,+1.48012,1270560658
+43.56285,+1.48011,1270560717
+43.56284,+1.48015,1270560777
+43.56286,+1.48012,1270560838
+43.56286,+1.48008,1270560897
+43.56286,+1.48009,1270560957
+43.56279,+1.48001,1270561016
+43.56281,+1.48008,1270561076
+43.56281,+1.48008,1270561136
+43.56283,+1.48009,1270561196
+43.56285,+1.48008,1270561256
+43.56279,+1.48014,1270561316
+43.56279,+1.48009,1270561376
+43.56288,+1.48010,1270561436
+43.56283,+1.48005,1270561496
+43.56278,+1.48000,1270561556
+43.56280,+1.48009,1270561616
+43.56280,+1.48010,1270561676
+43.56293,+1.48009,1270561736
+43.56289,+1.48009,1270561796
+43.56287,+1.48025,1270561856
+43.56285,+1.48010,1270561916
+43.56285,+1.48010,1270561976
+43.56299,+1.48008,1270562036
+43.56291,+1.48006,1270562096
+43.56281,+1.48004,1270562156
+43.56286,+1.48010,1270562216
+43.56287,+1.48007,1270562276
+43.56287,+1.48008,1270562336
+43.56286,+1.48010,1270562396
+43.56282,+1.48004,1270562456
+43.56295,+1.48047,1270562516
+43.56288,+1.48032,1270562576
+43.56283,+1.48015,1270562639
+43.56288,+1.48000,1270562699
+43.56280,+1.48001,1270562759
+43.56284,+1.48007,1270562819
+43.56289,+1.48028,1270562879
+43.56292,+1.48012,1270562939
+43.56289,+1.48010,1270562999
+43.56183,+1.46927,1270563059
+43.56183,+1.46927,1270563173
+43.56183,+1.46927,1270563298
+43.56183,+1.46927,1270563413
+43.56183,+1.46927,1270563537
+43.56183,+1.46927,1270563653
+43.56183,+1.46927,1270563780
+43.56183,+1.46927,1270563893
+43.55662,+1.47000,1270564018
+43.55662,+1.47000,1270564133
+43.56118,+1.47795,1274287890
+43.56210,+1.47741,1274288434
+43.46110,+1.57173,1274289770
+43.46110,+1.57173,1274291501
+43.46090,+1.57165,1274291620
+43.46090,+1.57165,1274291739
+43.45833,+1.57132,1274292971
+43.45830,+1.57198,1274293031
+43.45853,+1.57169,1274293091
+43.45851,+1.57153,1274293150
+43.46090,+1.57165,1274293192
+43.46090,+1.57165,1274295167
+43.45835,+1.57180,1274296188
+43.45832,+1.57201,1274296366
+43.45770,+1.57174,1274296549
+43.46090,+1.57165,1274296628
+43.46090,+1.57165,1274296842
+43.46090,+1.57165,1274296959
+43.45936,+1.56319,1274297875
+43.45850,+1.57186,1274298955
+43.45936,+1.56319,1274299917
+43.45850,+1.57186,1274301407
+43.45850,+1.57186,1274301708
+43.45850,+1.57186,1274301823
+43.45850,+1.57186,1274302126
+43.45850,+1.57186,1274302427
+43.45850,+1.57186,1274302546
+43.45850,+1.57186,1274302782
+43.45850,+1.57186,1274302902
+43.45850,+1.57186,1274303141
+43.45936,+1.56319,1274303275
+43.45850,+1.57186,1274303385
+43.45936,+1.56319,1274303597
+43.45850,+1.57186,1274303688
+43.45850,+1.57186,1274303807
+43.45850,+1.57186,1274304109
+43.45850,+1.57186,1274304406
+43.45850,+1.57186,1274304527
+43.45850,+1.57186,1274304644
+43.45850,+1.57186,1274304764
+43.45850,+1.57186,1274305011
+43.38885,+1.61170,1274305240
+43.45850,+1.57186,1274305319
+43.45936,+1.56319,1274305612
+43.45936,+1.56319,1274305791
+43.45936,+1.56319,1274305911
+43.45936,+1.56319,1274306269
+43.45936,+1.56319,1274306392
+43.45936,+1.56319,1274306509
+43.45936,+1.56319,1274306688
+43.45936,+1.56319,1274306931
+43.45936,+1.56319,1274307050
+43.45850,+1.57186,1274307165
+43.45850,+1.57186,1274307289
+43.45850,+1.57186,1274307404
+43.45850,+1.57186,1274307526
+43.45936,+1.56319,1274307649
+43.45850,+1.57186,1274307828
+43.45936,+1.56319,1274307945
+43.45873,+1.57170,1274308112
+43.45852,+1.57172,1274308172
+43.45842,+1.57194,1274308231
+43.45936,+1.56319,1274308305
+43.45936,+1.56319,1274308484
+43.45936,+1.56319,1274308616
+43.45936,+1.56319,1274308732
+43.45885,+1.57187,1274309195
+43.45833,+1.57191,1274309255
+43.45830,+1.57186,1274309318
+43.45880,+1.57166,1274309375
+43.45799,+1.57167,1274309495
+43.45829,+1.57184,1274309556
+43.45843,+1.57159,1274309616
+43.45836,+1.57166,1274309682
+43.45832,+1.57167,1274309736
+43.45837,+1.57183,1274309796
+43.45842,+1.57182,1274309856
+43.45837,+1.57168,1274309916
+43.45839,+1.57191,1274310167
+43.45850,+1.57186,1274310227
+43.45850,+1.57186,1274310408
+43.45850,+1.57186,1274310529
+43.45850,+1.57186,1274311190
+43.45850,+1.57186,1274311307
+43.45850,+1.57186,1274311666
+43.45850,+1.57186,1274311848
+43.45850,+1.57186,1274311966
+43.45850,+1.57186,1274312097
+43.45850,+1.57186,1274312207
+43.45850,+1.57186,1274312326
+43.45850,+1.57186,1274312627
+43.45850,+1.57186,1274312924
+43.45850,+1.57186,1274313045
+43.45850,+1.57186,1274313224
+43.45850,+1.57186,1274313525
+43.45850,+1.57186,1274313641
+43.45850,+1.57186,1274313772
+43.45850,+1.57186,1274313880
+43.45850,+1.57186,1274314366
+43.45850,+1.57186,1274314544
+43.45850,+1.57186,1274314845
+43.45850,+1.57186,1274315565
+43.45850,+1.57186,1274315683
+43.45850,+1.57186,1274316046
+43.41553,+1.62286,1274316339
+43.45850,+1.57186,1274316403
+43.45850,+1.57186,1274316822
+43.45850,+1.57186,1274317303
+43.45815,+1.57318,1274319277
+43.45850,+1.57186,1274321688
+43.46090,+1.57165,1274343054
+43.48599,+1.54623,1274343167
+43.50789,+1.51618,1274343287
+43.50469,+1.51611,1274343411
+43.51700,+1.52150,1274343526
+43.54599,+1.50106,1274343646
+43.54599,+1.50106,1274343766
+43.54140,+1.50665,1274343884
+43.54140,+1.50665,1274344003
+43.55270,+1.49098,1274344125
+43.56230,+1.48787,1274344245
+43.57030,+1.47435,1274344363
+43.56340,+1.47638,1274344522
+43.56289,+1.47676,1274347425
+43.56269,+1.47659,1274347664
+43.56320,+1.47615,1274349644
+43.56320,+1.47615,1274349772
+43.56320,+1.47615,1274349888
+43.55930,+1.47828,1274350008
+43.55930,+1.47828,1274350128
+43.55930,+1.47828,1274350248
+43.56240,+1.47740,1274350431
+48.72180,+2.35920,1274798042
+48.72789,+2.35969,1274869023
+45.89620,+6.15136,1274869153
+45.89620,+6.15136,1274869332
+45.89620,+6.15136,1274869515
+45.89620,+6.15136,1274869632
+45.89698,+6.13951,1274869816
+45.89698,+6.13951,1274872446
+45.90408,+6.14633,1274872762
+45.88952,+6.13718,1274873773
+45.88961,+6.13716,1274874249
+45.88944,+6.13732,1274874308
+45.88943,+6.13731,1274874374
+45.88965,+6.13725,1274874499
+45.88936,+6.13758,1274874558
+45.88941,+6.13739,1274874617
+45.88937,+6.13741,1274874677
+45.88948,+6.13764,1274874736
+45.88957,+6.13731,1274874861
+45.91154,+6.14764,1274874996
+45.88570,+6.14142,1274878473
+45.89979,+6.14775,1274878774
+45.89979,+6.14775,1274879071
+45.89979,+6.14775,1274879371
+45.89979,+6.14775,1274879730
+45.89979,+6.14775,1274879850
+45.89979,+6.14775,1274880149
+45.89620,+6.15136,1274880333
+45.89979,+6.14775,1274880513
+45.89979,+6.14775,1274880752
+45.89979,+6.14775,1274880872
+45.89979,+6.14775,1274880991
+45.89979,+6.14775,1274881111
+45.89979,+6.14775,1274881231
+45.89979,+6.14775,1274881350
+45.89979,+6.14775,1274881469
+45.89620,+6.15136,1274881589
+45.89979,+6.14775,1274881709
+45.89979,+6.14775,1274881829
+45.89979,+6.14775,1274882790
+45.89979,+6.14775,1274882910
+45.89979,+6.14775,1274883029
+45.88941,+6.13736,1274883629
+45.88952,+6.13737,1274883689
+45.88924,+6.13711,1274883747
+45.88899,+6.13825,1274884884
+45.88945,+6.13743,1274884945
+45.88914,+6.13724,1274885004
+45.88924,+6.13729,1274885071
+45.88930,+6.13733,1274885124
+45.88949,+6.13721,1274885184
+45.88953,+6.13721,1274885543
+45.89620,+6.15136,1274885734
+45.89620,+6.15136,1274887349
+45.89620,+6.15136,1274887834
+45.89620,+6.15136,1274888675
+45.89620,+6.15136,1274888853
+45.88968,+6.13702,1274889328
+45.88954,+6.13698,1274889393
+45.88981,+6.13692,1274889448
+45.88952,+6.13733,1274889508
+45.88951,+6.13730,1274889568
+45.88940,+6.13728,1274889626
+45.88929,+6.13721,1274889687
+45.88934,+6.13765,1274889746
+45.88914,+6.13758,1274889806
+45.88972,+6.13736,1274889864
+45.88926,+6.13742,1274889924
+45.88932,+6.13714,1274889984
+45.88932,+6.13726,1274890052
+45.88938,+6.13733,1274890103
+45.88941,+6.13724,1274890165
+45.88933,+6.13745,1274890223
+45.88937,+6.13737,1274890284
+45.88935,+6.13741,1274890347
+45.88928,+6.13760,1274890403
+45.88937,+6.13752,1274890462
+45.88938,+6.13718,1274890527
+45.88966,+6.13763,1274890582
+45.88951,+6.13723,1274890641
+45.88941,+6.13745,1274890701
+45.88953,+6.13752,1274890764
+45.88960,+6.13730,1274890819
+45.88926,+6.13757,1274890879
+45.88943,+6.13741,1274890938
+45.88952,+6.13736,1274891013
+45.88952,+6.13723,1274891068
+45.88952,+6.13727,1274891127
+45.88965,+6.13706,1274891188
+45.88948,+6.13705,1274891248
+45.88956,+6.13735,1274891307
+45.88948,+6.13733,1274891378
+45.88950,+6.13732,1274891428
+45.88953,+6.13737,1274891487
+45.88961,+6.13738,1274891558
+45.88928,+6.13726,1274891615
+45.88950,+6.13727,1274891668
+45.88942,+6.13725,1274891729
+45.88941,+6.13765,1274891794
+45.88886,+6.13697,1274891849
+45.88944,+6.13740,1274891915
+45.88934,+6.13722,1274891968
+45.88938,+6.13738,1274892028
+45.88907,+6.13730,1274892088
+45.88949,+6.13739,1274892148
+45.88957,+6.13767,1274892208
+45.88924,+6.13707,1274892267
+45.88946,+6.13726,1274892328
+45.88951,+6.13731,1274892388
+45.88914,+6.13710,1274892448
+45.88952,+6.13742,1274892509
+45.88938,+6.13732,1274892573
+45.88963,+6.13725,1274892628
+45.88952,+6.13725,1274892688
+45.88937,+6.13715,1274892747
+45.88952,+6.13736,1274892808
+45.88948,+6.13727,1274892869
+45.88930,+6.13724,1274892928
+45.88933,+6.13724,1274892987
+45.88950,+6.13732,1274893048
+45.88943,+6.13725,1274893112
+45.88944,+6.13741,1274893168
+45.88934,+6.13737,1274893228
+45.88956,+6.13723,1274893288
+45.88946,+6.13733,1274893354
+45.88928,+6.13746,1274893408
+45.88910,+6.13752,1274893773
+45.88899,+6.13770,1274893832
+45.89620,+6.15136,1274895811
+45.89620,+6.15136,1274897491
+45.89620,+6.15136,1274897671
+45.89620,+6.15136,1274898272
+45.88921,+6.13709,1274898502
+45.88938,+6.13728,1274898563
+45.88930,+6.13734,1274898623
+45.88927,+6.13724,1274898683
+45.88938,+6.13743,1274898743
+45.88906,+6.13746,1274898803
+45.88930,+6.13748,1274898923
+45.88931,+6.13738,1274898983
+45.88953,+6.13753,1274899043
+45.88929,+6.13745,1274899103
+45.88945,+6.13735,1274899163
+45.88920,+6.13729,1274899223
+45.88948,+6.13728,1274899283
+45.88935,+6.13722,1274899343
+45.88945,+6.13716,1274899403
+45.88931,+6.13737,1274899463
+45.88948,+6.13724,1274899523
+45.88954,+6.13734,1274899583
+45.88926,+6.13709,1274899643
+45.88916,+6.13715,1274899703
+45.88936,+6.13726,1274899763
+45.88952,+6.13734,1274899823
+45.88940,+6.13723,1274899883
+45.88946,+6.13722,1274899943
+45.88951,+6.13722,1274900004
+45.88570,+6.14142,1274904150
+45.88570,+6.14142,1274904748
+45.88965,+6.13713,1274905832
+45.88958,+6.13715,1274905891
+45.88956,+6.13721,1274905951
+45.88955,+6.13729,1274906010
+45.88955,+6.13746,1274906070
+45.88950,+6.13731,1274906132
+45.88943,+6.13727,1274906188
+45.88944,+6.13703,1274906248
+45.88954,+6.13708,1274906308
+45.88958,+6.13739,1274906382
+45.88958,+6.13706,1274906427
+45.88958,+6.13724,1274906487
+45.88962,+6.13738,1274906547
+45.88972,+6.13717,1274906606
+45.88960,+6.13716,1274906666
+45.88946,+6.13733,1274906726
+45.88963,+6.13714,1274906786
+45.88954,+6.13720,1274906845
+45.88929,+6.13727,1274906908
+45.88953,+6.13729,1274906964
+45.88960,+6.13730,1274907025
+45.88954,+6.13733,1274907083
+45.88949,+6.13727,1274907143
+45.88977,+6.13715,1274907212
+45.88954,+6.13720,1274907284
+45.88961,+6.13730,1274907335
+45.88965,+6.13697,1274907391
+45.88966,+6.13697,1274907451
+45.89657,+6.8650,1274975636
+45.89657,+6.8650,1274979214
+43.63060,+1.37284,1274979346
+43.62302,+1.37399,1274979483
+43.63298,+1.37897,1274979537
+43.63124,+1.38177,1274979832
+43.62475,+1.38822,1274979887
+43.60915,+1.38737,1274980001
+43.60480,+1.39794,1274980060
+43.59974,+1.39747,1274980120
+43.59066,+1.39923,1274980179
+43.58119,+1.40507,1274980240
+43.57243,+1.41070,1274980298
+43.56948,+1.42443,1274980358
+43.57148,+1.43563,1274980417
+43.57398,+1.44908,1274980477
+43.57416,+1.46739,1274980538
+43.56622,+1.48319,1274980597
+43.55488,+1.49454,1274980657
+43.54442,+1.50364,1274980718
+43.53854,+1.51000,1274980777
+43.53093,+1.51895,1274980837
+43.52156,+1.52665,1274980896
+43.51662,+1.53847,1274980955
+43.51662,+1.54767,1274981015
+43.50993,+1.55484,1274981075
+43.50302,+1.55803,1274981133
+43.49152,+1.56506,1274981193
+43.48518,+1.57006,1274981262
+43.47313,+1.57416,1274981322
+43.46352,+1.56860,1274981382
+43.45887,+1.56994,1274981442
+43.45836,+1.57152,1274981502
+43.45838,+1.57168,1274981562
+43.47170,+1.56366,1274981640
+43.47170,+1.56366,1274981750
+43.45839,+1.57180,1274981861
+43.45843,+1.57187,1274981922
+43.45839,+1.57176,1274981980
+43.45838,+1.57179,1274982040
+43.45838,+1.57167,1274982106
+43.45838,+1.57179,1274982160
+43.45531,+1.55688,1274982219
+43.45837,+1.57177,1274982341
+43.45836,+1.57177,1274982401
+43.45837,+1.57176,1274982460
+43.45840,+1.57181,1274982520
+43.45859,+1.57173,1274982578
+43.45852,+1.57209,1274982695
+43.45852,+1.57192,1274982755
+43.45850,+1.57190,1274982815
+43.45843,+1.57175,1274982875
+43.45836,+1.57162,1274982935
+43.45838,+1.57169,1274982995
+43.45834,+1.57173,1274983120
+43.45837,+1.57166,1274983180
+43.46090,+1.57165,1274983243
+43.45882,+1.57319,1274983373
+43.47170,+1.56366,1274983431
+43.46090,+1.57165,1274984445
+43.45819,+1.57150,1274984562
+43.45819,+1.57150,1274984687
+43.45819,+1.57150,1274984804
+43.45900,+1.57068,1274984984
+43.45859,+1.57173,1274985104
+43.45859,+1.57173,1274985223
+43.45859,+1.57173,1274985344
+43.45859,+1.57173,1274985584
+43.45859,+1.57173,1274985704
+43.45859,+1.57173,1274985948
+43.45835,+1.57180,1274986068
+43.45835,+1.57172,1274986128
+43.45859,+1.57173,1274986187
+43.45859,+1.57173,1274986307
+43.45839,+1.57177,1274986428
+43.45859,+1.57173,1274986487
+43.45859,+1.57173,1274986606
+43.45859,+1.57173,1274986731
+43.45859,+1.57173,1274986845
+43.45859,+1.57173,1274986971
+43.45859,+1.57173,1274987093
+43.45859,+1.57173,1274987207
+43.45859,+1.57173,1274987328
+43.45882,+1.57169,1274987449
+43.45849,+1.57172,1274987508
+43.45859,+1.57173,1274987567
+43.45859,+1.57173,1274987689
+43.45859,+1.57173,1274987809
+43.45859,+1.57173,1274987930
+43.45859,+1.57173,1274988047
+43.45859,+1.57173,1274988168
+43.45859,+1.57173,1274988346
+43.45936,+1.56319,1274988475
+43.45859,+1.57173,1274988588
+43.45859,+1.57173,1274988774
+43.45859,+1.57173,1274988889
+43.45859,+1.57173,1274989014
+43.45827,+1.57170,1274989139
+43.45859,+1.57173,1274989187
+43.45859,+1.57173,1274989307
+43.45859,+1.57173,1274989428
+43.45859,+1.57173,1274989553
+43.45859,+1.57173,1274989669
+43.45936,+1.56319,1274989797
+43.45859,+1.57173,1274989908
+43.45859,+1.57173,1274990028
+43.45859,+1.57173,1274990209
+43.45859,+1.57173,1274990328
+43.45838,+1.57180,1274990688
+43.45859,+1.57173,1274990747
+43.45859,+1.57173,1274990870
+43.45859,+1.57173,1274990988
+43.45859,+1.57173,1274991117
+43.45859,+1.57173,1274991230
+43.45859,+1.57173,1274991348
+43.45936,+1.56319,1274991476
+43.45859,+1.57173,1274991590
+43.45859,+1.57173,1274991711
+43.45847,+1.57158,1274991833
+43.45859,+1.57173,1274991889
+43.45859,+1.57173,1274992009
+43.45792,+1.57164,1274992139
+43.45851,+1.57167,1274992198
+43.45839,+1.57168,1274992258
+43.45859,+1.57173,1274992307
+43.47170,+1.56366,1274992493
+43.45859,+1.57173,1274992609
+43.45859,+1.57173,1274992725
+43.45859,+1.57173,1274992844
+43.45859,+1.57173,1274993025
+43.46090,+1.57165,1274993205
+43.47170,+1.56366,1274993513
+43.46090,+1.57165,1274993807
+43.45823,+1.57226,1274993978
+43.45851,+1.57185,1274994038
+43.45907,+1.57126,1274994098
+43.45904,+1.57136,1274994158
+43.45839,+1.57208,1274994218
+43.46090,+1.57165,1274994284
+43.46090,+1.57165,1274994404
+43.47170,+1.56366,1274994532
+43.46090,+1.57165,1274994644
+43.46090,+1.57165,1274994765
+43.46090,+1.57165,1274994884
+43.46090,+1.57165,1274995004
+43.46090,+1.57165,1274995124
+43.46090,+1.57165,1274995245
+43.46090,+1.57165,1274995364
+43.46090,+1.57165,1274995487
+43.45854,+1.57121,1274995658
+43.45833,+1.57126,1274995719
+43.45834,+1.57151,1274995779
+43.45859,+1.57172,1274995839
+43.45850,+1.57182,1274995899
+43.45841,+1.57168,1274995959
+43.45838,+1.57153,1274996019
+43.45824,+1.57177,1274996079
+43.45849,+1.57174,1274996139
+43.45855,+1.57170,1274996199
+43.45856,+1.57167,1274996259
+43.45836,+1.57185,1274996384
+43.46090,+1.57165,1274996445
+43.45845,+1.57184,1274996575
+43.46090,+1.57165,1274996626
+43.46090,+1.57165,1274996745
+43.45820,+1.57169,1274996923
+43.45807,+1.57204,1274996983
+43.46090,+1.57165,1274997045
+43.46090,+1.57165,1274997286
+43.45859,+1.57173,1274997646
+43.46090,+1.57165,1274998305
+43.46090,+1.57165,1274999027
+43.46090,+1.57165,1274999145
+43.46090,+1.57165,1274999446
+43.45859,+1.57173,1274999565
+43.45859,+1.57173,1274999685
+43.45859,+1.57173,1274999806
+43.46090,+1.57165,1275000046
+43.46090,+1.57165,1275000165
+43.46090,+1.57165,1275000707
+43.46090,+1.57165,1275000825
+43.46090,+1.57165,1275000947
+43.46090,+1.57165,1275001246
+43.45859,+1.57173,1275001425
+43.49830,+1.58621,1275001666
+43.49854,+1.58672,1275001726
+43.45859,+1.57173,1275001785
+43.46090,+1.57165,1275001969
+43.46090,+1.57165,1275002206
+43.46090,+1.57165,1275002334
+43.46090,+1.57165,1275002572
+43.47170,+1.56366,1275002693
+43.45859,+1.57173,1275002805
+43.45859,+1.57173,1275002926
+43.45859,+1.57173,1275003047
+43.45859,+1.57173,1275003165
+43.45859,+1.57173,1275003287
+43.45859,+1.57173,1275003406
+43.45859,+1.57173,1275003526
+43.45859,+1.57173,1275003648
+43.45859,+1.57173,1275003766
+43.45859,+1.57173,1275003951
+43.45859,+1.57173,1275004066
+43.45859,+1.57173,1275004485
+43.45859,+1.57173,1275004606
+43.45859,+1.57173,1275005087
+43.45859,+1.57173,1275005267
+43.45859,+1.57173,1275005627
+43.46090,+1.57165,1275006286
+43.45859,+1.57173,1275006410
+43.45809,+1.57144,1275006585
+43.45859,+1.57173,1275006648
+43.45859,+1.57173,1275006776
+43.45840,+1.57155,1275006914
+43.45835,+1.57187,1275007045
+43.45847,+1.57185,1275007104
+43.45832,+1.57178,1275007164
+43.45832,+1.57154,1275007315
+43.45835,+1.57175,1275007374
+43.45848,+1.57162,1275007434
+43.45838,+1.57162,1275007494
+43.45826,+1.57172,1275007552
+43.45844,+1.57156,1275007612
+43.45882,+1.57176,1275007806
+43.45861,+1.57210,1275008169
+43.45859,+1.57173,1275008199
+43.45859,+1.57173,1275008317
+43.45859,+1.57173,1275008446
+43.45859,+1.57173,1275008557
+43.45859,+1.57173,1275008675
+43.45849,+1.57162,1275008803
+43.45859,+1.57173,1275008854
+43.46090,+1.57165,1275008975
+43.45859,+1.57173,1275009101
+43.45859,+1.57173,1275009214
+43.45859,+1.57173,1275009332
+43.46090,+1.57165,1275009462
+43.45859,+1.57173,1275009571
+43.45859,+1.57173,1275009692
+43.45859,+1.57173,1275009809
+43.45859,+1.57173,1275009930
+43.45859,+1.57173,1275010058
+43.45859,+1.57173,1275010236
+43.45859,+1.57173,1275010356
+43.45755,+1.57334,1275010484
+43.45859,+1.57173,1275010535
+43.45859,+1.57173,1275010654
+43.45859,+1.57173,1275010780
+43.45859,+1.57173,1275010894
+43.45859,+1.57173,1275011015
+43.45859,+1.57173,1275011143
+43.45859,+1.57173,1275011254
+43.45859,+1.57173,1275011373
+43.45831,+1.57142,1275011499
+43.45859,+1.57173,1275011551
+43.45859,+1.57173,1275011670
+43.45859,+1.57173,1275011797
+43.45859,+1.57173,1275012278
+43.45859,+1.57173,1275012517
+43.45859,+1.57173,1275012756
+43.45859,+1.57173,1275012875
+43.45859,+1.57173,1275013055
+43.45859,+1.57173,1275013186
+43.45859,+1.57173,1275013414
+43.45859,+1.57173,1275013592
+43.45859,+1.57173,1275013778
+43.45859,+1.57173,1275013896
+43.45859,+1.57173,1275014077
+43.45859,+1.57173,1275014207
+43.45813,+1.57202,1275014372
+43.45829,+1.57211,1275014432
+43.45833,+1.57235,1275014492
+43.45859,+1.57173,1275014553
+43.45859,+1.57173,1275015034
+43.45859,+1.57173,1275015524
+43.45859,+1.57173,1275015637
+43.45859,+1.57173,1275015757
+43.45859,+1.57173,1275015886
+43.45859,+1.57173,1275015996
+43.45859,+1.57173,1275016177
+43.45859,+1.57173,1275016355
+43.45859,+1.57173,1275016594
+43.45859,+1.57173,1275016774
+43.45859,+1.57173,1275016906
+43.45859,+1.57173,1275017195
+43.45859,+1.57173,1275017381
+43.45859,+1.57173,1275017498
+43.45859,+1.57173,1275017617
+43.45859,+1.57173,1275017796
+43.45859,+1.57173,1275017976
+43.45859,+1.57173,1275018154
+43.45859,+1.57173,1275018695
+43.46090,+1.57165,1275024879
+43.46090,+1.57165,1275025005
+43.45859,+1.57173,1275025178
+43.46090,+1.57165,1275034126
+43.48751,+1.52993,1275034238
+43.49612,+1.51896,1275034297
+43.50398,+1.51275,1275034356
+43.51021,+1.51571,1275034415
+43.51400,+1.53075,1275034475
+43.52179,+1.52650,1275034535
+43.52987,+1.52088,1275034595
+43.53668,+1.51119,1275034654
+43.54436,+1.50409,1275034713
+43.55595,+1.49680,1275034773
+43.55792,+1.49062,1275034832
+43.56607,+1.48366,1275034891
+43.57164,+1.47491,1275034951
+43.56535,+1.47799,1275035011
+43.56269,+1.47707,1275035071
+43.56304,+1.47720,1275035131
+43.56308,+1.47722,1275035191
+43.56269,+1.47662,1275035263
+43.56341,+1.47881,1275036043
+43.56320,+1.47612,1275036776
+43.56269,+1.47659,1275039512
+43.56269,+1.47659,1275040968
+43.56269,+1.47659,1275045976
+43.56280,+1.47662,1275046158
+43.56280,+1.47656,1275047039
+43.56269,+1.47659,1275047193
+43.56401,+1.47726,1275047342
+43.56255,+1.47714,1275047402
+43.56310,+1.47717,1275047462
+43.56269,+1.47663,1275047553
+43.56294,+1.47687,1275054770
+43.56309,+1.47740,1275054878
+43.56329,+1.47695,1275055036
+43.56320,+1.47700,1275055182
+43.56313,+1.47747,1275065358
+43.56343,+1.47744,1275065418
+43.56252,+1.47715,1275068658
+43.56269,+1.47751,1275068683
+43.56340,+1.47744,1275068810
+43.55619,+1.49242,1275068924
+43.53589,+1.51649,1275069052
+43.51700,+1.52150,1275069163
+43.51610,+1.53848,1275069283
+43.48120,+1.54135,1275069403
+43.47460,+1.57170,1275069520
+43.47460,+1.57170,1275069657
+43.45859,+1.57173,1275069762
+43.45859,+1.57173,1275069885
+43.45859,+1.57173,1275070010
+43.45806,+1.57294,1275070184
+43.45790,+1.57393,1275070244
+43.46090,+1.57165,1275070302
+43.45858,+1.57229,1275070430
+43.46090,+1.57165,1275070484
+43.46090,+1.57165,1275072223
+43.45859,+1.57173,1275073488
+43.45859,+1.57173,1275073853
+43.45859,+1.57173,1275074023
+43.45859,+1.57173,1275074144
+43.45859,+1.57173,1275074263
+43.45859,+1.57173,1275074384
+43.45859,+1.57173,1275074510
+43.45832,+1.57173,1275074682
+43.45825,+1.57157,1275074742
+43.45859,+1.57173,1275074803
+43.45859,+1.57173,1275075043
+43.45859,+1.57173,1275075165
+43.45859,+1.57173,1275075283
+43.45859,+1.57173,1275250701
+43.45859,+1.57173,1275251012
+43.45859,+1.57173,1275251192
+43.45859,+1.57173,1275251670
+43.45859,+1.57173,1275252150
+43.45859,+1.57173,1275252267
+43.45770,+1.57194,1275252438
+43.45840,+1.57168,1275252503
+43.45826,+1.57192,1275252563
+43.45842,+1.57181,1275252623
+43.45827,+1.57196,1275252760
+43.47170,+1.56366,1275252817
+43.45854,+1.57150,1275253230
+43.45857,+1.57157,1275253290
+43.45859,+1.57173,1275253528
+43.45859,+1.57173,1275253649
+43.45859,+1.57173,1275253767
+43.45859,+1.57173,1275257372
+43.45859,+1.57173,1275259833
+43.45859,+1.57173,1275260072
+43.45859,+1.57173,1275260191
+43.45859,+1.57173,1275260308
+43.45859,+1.57173,1275260431
+43.45859,+1.57173,1275260548
+43.45859,+1.57173,1275260668
+43.45859,+1.57173,1275260908
+43.45859,+1.57173,1275261027
+43.45859,+1.57173,1275261268
+43.45859,+1.57173,1275261385
+43.45859,+1.57173,1275261753
+43.45859,+1.57173,1275261873
+43.45859,+1.57173,1275263008
+43.45859,+1.57173,1275263313
+43.45859,+1.57173,1275263433
+43.45859,+1.57173,1275263552
+43.45821,+1.57087,1275263726
+43.45837,+1.57144,1275263786
+43.45859,+1.57173,1275263971
+43.45859,+1.57173,1275264090
+43.45859,+1.57173,1275264690
+43.45859,+1.57173,1275266778
+43.45859,+1.57173,1275266905
+43.45859,+1.57173,1275267264
+43.45859,+1.57173,1275267384
+43.45859,+1.57173,1275268339
+43.45859,+1.57173,1275268577
+43.45859,+1.57173,1275268705
+43.45859,+1.57173,1275268826
+43.45859,+1.57173,1275268944
+43.45859,+1.57173,1275269066
+43.45859,+1.57173,1275269186
+43.45859,+1.57173,1275269364
+43.45859,+1.57173,1275269482
+43.45859,+1.57173,1275269663
+43.45859,+1.57173,1275269782
+43.45859,+1.57173,1275270141
+43.45859,+1.57173,1275270261
+43.45859,+1.57173,1275270381
+43.45859,+1.57173,1275270505
+43.45859,+1.57173,1275270626
+43.45859,+1.57173,1275270745
+43.45859,+1.57173,1275270984
+43.45859,+1.57173,1275271165
+43.45859,+1.57173,1275273679
+43.45828,+1.57146,1275274880
+43.45859,+1.57173,1275275060
+43.45852,+1.57234,1275276919
+43.45849,+1.57178,1275276978
+43.45857,+1.57169,1275277037
+43.45859,+1.57173,1275278421
+43.45859,+1.57173,1275278541
+43.45859,+1.57173,1275278721
+43.45859,+1.57173,1275278841
+43.45790,+1.57219,1275279021
+43.45859,+1.57173,1275279080
+43.45866,+1.57162,1275280147
+43.45823,+1.57181,1275280207
+43.45830,+1.57188,1275280267
+43.45875,+1.57207,1275280327
+43.45867,+1.57163,1275280387
+43.45859,+1.57173,1275280577
+43.45859,+1.57173,1275280815
+43.45859,+1.57173,1275281114
+43.45859,+1.57173,1275281234
+43.45833,+1.57177,1275281531
+43.45849,+1.57189,1275281591
+43.45839,+1.57174,1275281652
+43.45835,+1.57205,1275281710
+43.45819,+1.57182,1275281770
+43.45840,+1.57164,1275281829
+43.45859,+1.57173,1275281894
+43.45859,+1.57173,1275282074
+43.45859,+1.57173,1275282192
+43.45859,+1.57173,1275282313
+43.45859,+1.57173,1275282431
+43.45859,+1.57173,1275282611
+43.45859,+1.57173,1275282791
+43.45859,+1.57173,1275283158
+43.45859,+1.57173,1275283337
+43.45859,+1.57173,1275283516
+43.45859,+1.57173,1275286157
+43.45859,+1.57173,1275286338
+43.45859,+1.57173,1275286457
+43.45859,+1.57173,1275286577
+43.45859,+1.57173,1275286938
+43.45859,+1.57173,1275287717
+43.45859,+1.57173,1275287837
+43.45859,+1.57173,1275287957
+43.45859,+1.57173,1275288256
+43.45859,+1.57173,1275288374
+43.45859,+1.57173,1275289698
+43.49261,+1.60933,1275290540
+43.46090,+1.57165,1275293779
+43.45859,+1.57173,1275293901
+43.45830,+1.57177,1275294016
+43.45868,+1.57154,1275294075
+43.46249,+1.56990,1275294147
+43.47250,+1.55200,1275294195
+43.48081,+1.53996,1275294255
+43.49231,+1.52377,1275294315
+43.49491,+1.52048,1275294375
+43.50276,+1.51136,1275294435
+43.50651,+1.51498,1275294494
+43.51129,+1.51866,1275294569
+43.51527,+1.53463,1275294613
+43.52535,+1.52261,1275294674
+43.53170,+1.51764,1275294733
+43.53860,+1.51069,1275294795
+43.54540,+1.50575,1275294853
+43.55000,+1.50473,1275294913
+43.55053,+1.50438,1275294972
+43.55056,+1.50425,1275295034
+43.55036,+1.50387,1275295092
+43.55362,+1.49699,1275295151
+43.55811,+1.49270,1275295217
+43.56037,+1.48956,1275295271
+43.56598,+1.48387,1275295330
+43.57208,+1.47585,1275295390
+43.56755,+1.47321,1275295455
+43.56362,+1.47658,1275295510
+43.56274,+1.47708,1275295569
+43.56320,+1.47719,1275389494
+43.56267,+1.47710,1275472957
+43.56352,+1.47752,1275480424
+43.56317,+1.47778,1275480483
+43.56289,+1.47712,1275480525
+43.56289,+1.47712,1275480712
+43.56309,+1.47757,1275480821
+43.56300,+1.47737,1275480944
+43.56467,+1.48085,1275481077
+43.56260,+1.47734,1275481183
+43.56239,+1.47747,1275481308
+43.56467,+1.48085,1275481436
+43.56315,+1.47771,1275481602
+43.56467,+1.48085,1275481677
+43.56309,+1.47537,1275481963
+43.56269,+1.47659,1275487127
